{
    "$schema": "https://vega.github.io/schema/vega-lite/v5.json",
    "data": {
        "values": "<DVC_METRIC_DATA>"
    },
    "title": "<DVC_METRIC_TITLE>",
    "facet": {
        "field": "rev",
        "type": "nominal"
    },
    "spec": {
        "transform": [
            {
                "aggregate": [
                    {
                        "op": "count",
                        "as": "xy_count"
                    }
                ],
                "groupby": [
                    "<DVC_METRIC_Y>",
                    "<DVC_METRIC_X>"
                ]
            },
            {
                "impute": "xy_count",
                "groupby": [
                    "rev",
                    "<DVC_METRIC_Y>"
                ],
                "key": "<DVC_METRIC_X>",
                "value": 0
            },
            {
                "impute": "xy_count",
                "groupby": [
                    "rev",
                    "<DVC_METRIC_X>"
                ],
                "key": "<DVC_METRIC_Y>",
                "value": 0
            },
            {
                "joinaggregate": [
                    {
                        "op": "sum",
                        "field": "xy_count",
                        "as": "sum_y"
                    }
                ],
                "groupby": [
                    "<DVC_METRIC_Y>"
                ]
            },
            {
                "calculate": "datum.xy_count / datum.sum_y",
                "as": "percent_of_y"
            }
        ],
        "encoding": {
            "x": {
                "field": "<DVC_METRIC_X>",
                "type": "nominal",
                "sort": "ascending",
                "title": "<DVC_METRIC_X_LABEL>"
            },
            "y": {
                "field": "<DVC_METRIC_Y>",
                "type": "nominal",
                "sort": "ascending",
                "title": "<DVC_METRIC_Y_LABEL>"
            }
        },
        "layer": [
            {
                "mark": "rect",
                "width": 300,
                "height": 300,
                "encoding": {
                    "color": {
                        "field": "percent_of_y",
                        "type": "quantitative",
                        "title": "",
                        "scale": {
                            "domain": [
                                0,
                                1
                            ]
                        }
                    }
                }
            },
            {
                "mark": "text",
                "encoding": {
                    "text": {
                        "field": "percent_of_y",
                        "type": "quantitative",
                        "format": ".2f"
                    },
                    "color": {
                        "condition": {
                            "test": "datum.percent_of_y > 0.5",
                            "value": "white"
                        },
                        "value": "black"
                    }
                }
            }
        ]
    }
}
